Description,Count
" ""CALL AUG 25 CBT 10YR T NOTE W1 THURS OPT 112.50""",6
" ""CALL AUG 25 CBT 10YR T NOTE W1 THURS OPT 113.25""",1
" ""CALL AUG 25 CBT 10YR TNOTE WED WK1 112.25""",7
" ""CALL AUG 25 CBT 10YR TNOTE WED WK1 112.50""",9
" ""CALL AUG 25 CBT 10YR TNOTE WED WK1 112.75""",3
" ""CALL AUG 25 CBT 10YR TNOTE WKLY WK1 111.75""",1
" ""CALL AUG 25 CBT 10YR TNOTE WKLY WK2 112.50""",5
" ""CALL AUG 25 CBT 10YR TNOTE WKLY WK2 112.75""",3
" ""PUT AUG 25 CBT 10YR T NOTE W1 TUES OPT 110.50""",1
" ""SEP 25 CBT 10YR TNOTE""",800
" ""SEP 25 CBT 30YR TBOND""",43
